<annotation>
	<folder>license_plates</folder>
	<filename>p11.jpg</filename>
	<path>C:\Users\leona\Documents\CETI\octavo\Proyecto\license_plates\p11.jpg</path>
	<source>
		<database>Unknown</database>
	</source>
	<size>
		<width>400</width>
		<height>200</height>
		<depth>3</depth>
	</size>
	<segmented>0</segmented>
	<object>
		<name>plate_car</name>
		<pose>Unspecified</pose>
		<truncated>1</truncated>
		<difficult>0</difficult>
		<bndbox>
			<xmin>4</xmin>
			<ymin>3</ymin>
			<xmax>398</xmax>
			<ymax>200</ymax>
		</bndbox>
	</object>
</annotation>
