<annotation>
	<folder>license_plates</folder>
	<filename>p28.jpg</filename>
	<path>C:\Users\leona\Documents\CETI\octavo\Proyecto\license_plates\p28.jpg</path>
	<source>
		<database>Unknown</database>
	</source>
	<size>
		<width>640</width>
		<height>360</height>
		<depth>3</depth>
	</size>
	<segmented>0</segmented>
	<object>
		<name>plate_car</name>
		<pose>Unspecified</pose>
		<truncated>0</truncated>
		<difficult>0</difficult>
		<bndbox>
			<xmin>51</xmin>
			<ymin>3</ymin>
			<xmax>593</xmax>
			<ymax>248</ymax>
		</bndbox>
	</object>
</annotation>
