<annotation>
	<folder>license_plates</folder>
	<filename>p42.jpg</filename>
	<path>C:\Users\leona\Documents\CETI\octavo\Proyecto\license_plates\p42.jpg</path>
	<source>
		<database>Unknown</database>
	</source>
	<size>
		<width>895</width>
		<height>456</height>
		<depth>3</depth>
	</size>
	<segmented>0</segmented>
	<object>
		<name>plate_car</name>
		<pose>Unspecified</pose>
		<truncated>0</truncated>
		<difficult>0</difficult>
		<bndbox>
			<xmin>2</xmin>
			<ymin>11</ymin>
			<xmax>885</xmax>
			<ymax>449</ymax>
		</bndbox>
	</object>
</annotation>
