<annotation>
	<folder>license_plates</folder>
	<filename>p45.jpg</filename>
	<path>C:\Users\leona\Documents\CETI\octavo\Proyecto\license_plates\p45.jpg</path>
	<source>
		<database>Unknown</database>
	</source>
	<size>
		<width>2556</width>
		<height>1368</height>
		<depth>3</depth>
	</size>
	<segmented>0</segmented>
	<object>
		<name>plate_car</name>
		<pose>Unspecified</pose>
		<truncated>0</truncated>
		<difficult>0</difficult>
		<bndbox>
			<xmin>29</xmin>
			<ymin>36</ymin>
			<xmax>2513</xmax>
			<ymax>1341</ymax>
		</bndbox>
	</object>
</annotation>
