<annotation>
	<folder>license_plates</folder>
	<filename>p51.jpg</filename>
	<path>C:\Users\leona\Documents\CETI\octavo\Proyecto\license_plates\p51.jpg</path>
	<source>
		<database>Unknown</database>
	</source>
	<size>
		<width>960</width>
		<height>599</height>
		<depth>3</depth>
	</size>
	<segmented>0</segmented>
	<object>
		<name>plate_car</name>
		<pose>Unspecified</pose>
		<truncated>0</truncated>
		<difficult>0</difficult>
		<bndbox>
			<xmin>8</xmin>
			<ymin>73</ymin>
			<xmax>947</xmax>
			<ymax>541</ymax>
		</bndbox>
	</object>
</annotation>
