<annotation>
	<folder>license_plates</folder>
	<filename>p55.jpg</filename>
	<path>C:\Users\leona\Documents\CETI\octavo\Proyecto\license_plates\p55.jpg</path>
	<source>
		<database>Unknown</database>
	</source>
	<size>
		<width>260</width>
		<height>194</height>
		<depth>3</depth>
	</size>
	<segmented>0</segmented>
	<object>
		<name>plate_car</name>
		<pose>Unspecified</pose>
		<truncated>0</truncated>
		<difficult>0</difficult>
		<bndbox>
			<xmin>4</xmin>
			<ymin>39</ymin>
			<xmax>252</xmax>
			<ymax>163</ymax>
		</bndbox>
	</object>
</annotation>
