<annotation>
	<folder>license_plates</folder>
	<filename>p60.jpg</filename>
	<path>C:\Users\leona\Documents\CETI\octavo\Proyecto\license_plates\p60.jpg</path>
	<source>
		<database>Unknown</database>
	</source>
	<size>
		<width>971</width>
		<height>478</height>
		<depth>3</depth>
	</size>
	<segmented>0</segmented>
	<object>
		<name>plate_car</name>
		<pose>Unspecified</pose>
		<truncated>0</truncated>
		<difficult>0</difficult>
		<bndbox>
			<xmin>19</xmin>
			<ymin>17</ymin>
			<xmax>943</xmax>
			<ymax>459</ymax>
		</bndbox>
	</object>
</annotation>
