<annotation>
	<folder>license_plates</folder>
	<filename>p61.jpg</filename>
	<path>C:\Users\leona\Documents\CETI\octavo\Proyecto\license_plates\p61.jpg</path>
	<source>
		<database>Unknown</database>
	</source>
	<size>
		<width>250</width>
		<height>126</height>
		<depth>3</depth>
	</size>
	<segmented>0</segmented>
	<object>
		<name>plate_car</name>
		<pose>Unspecified</pose>
		<truncated>1</truncated>
		<difficult>0</difficult>
		<bndbox>
			<xmin>1</xmin>
			<ymin>2</ymin>
			<xmax>250</xmax>
			<ymax>125</ymax>
		</bndbox>
	</object>
</annotation>
